start,end,sequence,peptide_id
6,13,TEEQIAEF,1
6,27,TEEQIAEFKEAFSLFDKDGDGT,2
6,28,TEEQIAEFKEAFSLFDKDGDGTI,3
10,19,IAEFKEAFSL,4
12,19,EFKEAFSL,5
13,37,FKEAFSLFDKDGDGTITTKELGTVM,6
18,37,SLFDKDGDGTITTKELGTVM,7
20,29,FDKDGDGTIT,8
20,30,FDKDGDGTITT,9
20,35,FDKDGDGTITTKELGT,10
21,35,DKDGDGTITTKELGT,11
21,37,DKDGDGTITTKELGTVM,12
29,37,TTKELGTVM,13
36,46,VMRSLGQNPTE,14
36,49,VMRSLGQNPTEAEL,15
38,46,RSLGQNPTE,16
38,48,RSLGQNPTEAE,17
38,49,RSLGQNPTEAEL,18
38,51,RSLGQNPTEAELQD,19
47,55,AELQDMINE,20
50,66,QDMINEVDADGNGTIDF,21
52,66,MINEVDADGNGTIDF,22
53,66,INEVDADGNGTIDF,23
55,66,EVDADGNGTIDF,24
56,66,VDADGNGTIDF,25
70,84,LTMMARKMKDTDSEE,26
70,85,LTMMARKMKDTDSEEE,27
73,84,MARKMKDTDSEE,28
73,85,MARKMKDTDSEEE,29
79,93,DTDSEEEIREAFRVF,30
84,90,EEIREAF,31
84,103,EEIREAFRVFDKDGNGYISA,32
85,99,EIREAFRVFDKDGNG,33
86,99,IREAFRVFDKDGNG,34
86,103,IREAFRVFDKDGNGYISA,35
89,103,AFRVFDKDGNGYISA,36
90,99,FRVFDKDGNG,37
90,103,FRVFDKDGNGYISA,38
91,99,RVFDKDGNG,39
91,103,RVFDKDGNGYISA,40
93,103,FDKDGNGYISA,41
94,103,DKDGNGYISA,42
95,110,KDGNGYISAAELRHVM,43
100,113,YISAAELRHVMTNL,44
100,120,YISAAELRHVMTNLGEKLTDE,45
104,113,AELRHVMTNL,46
104,120,AELRHVMTNLGEKLTDE,47
104,121,AELRHVMTNLGEKLTDEE,48
104,124,AELRHVMTNLGEKLTDEEVDE,49
104,125,AELRHVMTNLGEKLTDEEVDEM,50
105,113,ELRHVMTNL,51
106,113,LRHVMTNL,52
106,120,LRHVMTNLGEKLTDE,53
106,121,LRHVMTNLGEKLTDEE,54
106,124,LRHVMTNLGEKLTDEEVDE,55
107,113,RHVMTNL,56
107,119,RHVMTNLGEKLTD,57
107,120,RHVMTNLGEKLTDE,58
107,121,RHVMTNLGEKLTDEE,59
107,124,RHVMTNLGEKLTDEEVDE,60
114,120,GEKLTDE,61
114,121,GEKLTDEE,62
114,124,GEKLTDEEVDE,63
114,125,GEKLTDEEVDEM,64
125,137,MIREADIDGDGQV,65
125,138,MIREADIDGDGQVN,66
125,139,MIREADIDGDGQVNY,67
125,141,MIREADIDGDGQVNYEE,68
125,142,MIREADIDGDGQVNYEEF,69
126,133,IREADIDG,70
126,135,IREADIDGDG,71
126,137,IREADIDGDGQV,72
126,138,IREADIDGDGQVN,73
126,139,IREADIDGDGQVNY,74
126,141,IREADIDGDGQVNYEE,75
126,142,IREADIDGDGQVNYEEF,76
129,139,ADIDGDGQVNY,77
129,141,ADIDGDGQVNYEE,78
129,142,ADIDGDGQVNYEEF,79
142,149,FVQMMTAK,80
